subject_id,x,y
S000,0.6350820491162239,-4.531628124045313
S001,1.3673142170776866,0.40652746639203907
S002,-1.9384849033920686,-3.0982502774756453
S003,-5.33892926905356,-1.7844141603210775
S004,-0.49620450386102644,-1.5670786369410776
S005,-3.4111528572346894,2.2934611009235435
S006,6.576329367852697,-4.669534825627584
S007,-2.518144009791278,-1.2271710207892252
S008,-3.862540357176645,0.5227388225121387
S009,17.4993334441064,10.662445271417386
S010,8.40189202922862,-0.6595401548294246
S011,-1.180189858977055,-2.289989508658208
S012,-0.33831227910314027,-4.7616642128697055
S013,-2.1020972127074433,-1.4347407546200068
S014,-0.47589386223404545,-0.7436584468434436
S015,-2.1340080039311666,-1.9731506622706436
S016,4.704346206668518,1.9027558709599828
S017,-7.427957482188102,0.16465495837162383
S018,-4.301363411077697,0.3713394218857079
S019,7.109162828819585,8.669194982114972
S020,-4.319381563763411,2.590928091487596
S021,9.784370645879354,-7.492486061896864
S022,0.9258092859114585,-6.309096497781429
S023,0.27483657264582645,-6.344794076709311
S024,13.005162443403714,-6.173128859993224
S025,6.703670315028116,-5.6423761762639595
S026,4.407916967879124,-6.541134955931728
S027,-4.579092393699367,-0.31658101321086524
S028,-1.8991628752458434,-2.5623460103566367
S029,6.732711741392946,-7.32745127317435
S030,-5.670082600872576,2.3599691857439855
S031,11.297233235461626,1.4526170783094428
S032,0.6486831842844778,-2.653849075053371
S033,2.4150453009988393,-2.802275635084607
S034,-1.3405451148769776,-3.45149797603996
S035,-1.688424622476841,0.14550142336810024
S036,16.622508161033416,10.816185231663141
S037,2.7865972905099654,-2.180876332348778
S038,0.513341502858341,-0.7762626391735056
S039,2.239570141859207,-3.3057460047285887
S040,-6.174075716432863,-2.2949379309151166
S041,-5.647620713404699,-2.803454468139845
S042,2.1826114215287413,-1.0178593513606184
S043,-4.026539005113573,3.9291597257523883
S044,-2.971048094109068,-3.439871275365499
S045,49.10999993177604,-30.02080591277002
S046,-1.9479638781971544,-2.0383899211423517
S047,12.547304715773603,-1.179083424895705
S048,-5.283123544200363,-1.0710164287707564
S049,0.14853356176421798,-3.462154497605724
S050,-1.748375464326168,-0.7267482606243466
S051,-1.5480671582239274,-4.653730257040983
S052,1.0321305378278829,-4.396142447896334
S053,5.875035818013525,-0.022004556645722543
S054,-7.336922422376724,-2.1860990624039434
S055,-2.5762829142383175,1.618059203697503
S056,-2.054765282352546,-4.1301723856178745
S057,-7.837751836682915,-1.303279126233974
S058,-2.1135843715915463,-2.810230944035472
S059,-8.570476107877976,-0.47585599075894297
S060,-4.138603606726937,-2.4853554134312663
S061,-3.770831489527102,1.437946462818258
S062,10.205528322423822,-10.213858730469243
S063,-8.123459876977803,-1.7343140364012768
S064,-4.435101848526799,-2.780815890613455
S065,15.910580399567909,-6.834276108672959
S066,-3.8642222702039213,-3.5986801830086868
S067,-2.3253153342484727,-0.5019386110122855
S068,-6.688571787113076,-2.381863572411934
S069,-0.34077257445190234,-3.000329121133033
S070,-3.788360013519589,-1.3389057319379474
S071,-10.001605525305575,-1.077196330406948
S072,-3.2412597373034546,-6.1651980990287125
S073,-3.7928944207139237,0.43486942410251306
S074,-3.055817196260171,-2.648168015042565
S075,0.6657682103503375,-1.9334946815662009
S076,-6.974930186428724,-0.3677603689030461
S077,-2.5025471782314948,-4.330272004550692
S078,-9.053377151242454,-0.14273176726540512
S079,-6.200760320358849,-2.388987168080923
S080,-2.7852941190730998,-6.082355247001843
S081,-3.720823761645175,-3.70754962484394
S082,-0.4115348776532269,7.433648744486864
S083,-5.361201388947193,-3.033621238307952
S084,-7.475536169746578,0.12943066752624072
S085,-0.6910286055494405,-2.4787019397787797
S086,1.0476081034569202,-8.817233645699645
S087,-5.480156598898153,0.3472314826344351
S088,-2.6171929318513043,-5.160661125947799
S089,-5.842124895742296,-2.667316595022812
S090,-2.921742330923466,-2.6753498034458105
S091,-6.8554260581177,-2.2964716865217816
S092,-4.498608909051153,-1.1903478323668633
S093,-4.738756048653082,0.22810724710867544
S094,12.590584614514263,18.714812929803223
S095,-1.987163206731532,0.2119477906210166
S096,-3.0234455725579514,4.669040770247778
S097,-3.1794931858077837,-2.31486969951774
S098,-7.609449526105167,0.11968785586015548
S099,-5.300431185107186,2.1197767931551716
S100,-6.874237430546394,1.9340064835776158
S101,-2.8791552438729924,-0.7212672793144751
S102,-7.3010652573115795,-0.12935220871527076
S103,4.283027526209087,8.361302675899
S104,-6.530308441684057,-0.05994926411690422
S105,-8.075805235655762,0.7972734991051458
S106,-2.7644250789562026,2.0011558542990624
S107,-7.216429347610949,2.0119122734194907
S108,-5.847320763572479,-1.1528523384326836
S109,-4.6316580230055635,1.4966280537152052
S110,-3.8592920065546745,-4.173307077031819
S111,1.8137704479631505,-7.634986785818474
S112,-7.718860387098877,-0.44135755616245587
S113,21.45140815621159,-13.594438831471788
S114,0.5858443352923504,3.111864149833395
S115,0.20556890886834228,2.4666835710272252
S116,-4.335137292135476,-1.276751141601973
S117,0.2870990429097364,-0.7150361044829253
S118,-5.614971831500843,1.1925967401812423
S119,-8.328368562786507,1.2733728137758784
S120,-6.214468124981583,0.07718417946777772
S121,0.8808049356728392,0.12355781082248693
S122,-4.191251863456768,-1.7645661573786224
S123,3.7273693795809866,-8.219807826346168
S124,-0.015419716937445852,-3.7529302299420393
S125,2.6257637449432027,-4.438067495588917
S126,-5.54158309107955,-0.709362743765593
S127,8.962031174785627,-5.60693483883871
S128,-0.07402351445036118,1.1316390789285042
S129,-4.322236269377032,-0.2619474308564298
S130,19.98529378207779,-7.927138233420868
S131,1.1349189292679758,1.2753777743513468
S132,2.485724015243767,-3.987741649115962
S133,0.8618108094830741,2.118779994297361
S134,-1.0845893960867838,-1.4875502480418874
S135,-2.866001332855968,3.556115988578753
S136,-5.426962822152767,1.5839730054342311
S137,3.663179867076155,-4.128460119265415
S138,2.1149088150307147,-5.964403602666142
S139,-6.634190352823731,3.1240436130165454
S140,-3.621208613962386,2.718484631496409
S141,-8.314850016490476,-0.1369165395554866
S142,-8.313344129776098,-0.34183227542714867
S143,-7.344421823441097,-0.18038672860316018
S144,-4.099885992070742,1.037458020698136
S145,-1.4499111427395412,1.0340579743411928
S146,-3.8613385684260946,4.8405588921458325
S147,-1.9775343643948975,2.144910549619845
S148,-4.717841588198911,-1.7263721405993626
S149,-4.908687374776116,-2.796482972177971
S150,-0.7960370749006431,-0.34255884451391944
S151,-5.7302933574408375,-0.6188486400147094
S152,-6.388616145274789,-0.4138773932166376
S153,3.080369296651383,-0.24860113668440803
S154,3.2018955978696253,1.3157253406272802
S155,-4.788656315926781,-1.9945444187919443
S156,3.9242842585262387,-2.133259855147585
S157,-0.8286049031862643,-2.3699423585255155
S158,27.033171996532978,-19.237586316030946
S159,-2.724374958913942,-0.2158344556950148
S160,14.582949622969451,-6.561764063670704
S161,-0.03226221424437708,3.0910130510879115
S162,-6.345726070788393,5.360961901127495
S163,-0.5746301950550382,8.634721476520708
S164,1.7694434544367512,7.953919322899868
S165,-7.424708871818916,0.19804603826962758
S166,-4.169099236131215,-1.0136576647717408
S167,-6.463830628387456,1.0862440338477273
S168,-0.17957502068697054,0.2678747686352094
S169,3.515383414327651,8.440662581537433
S170,-2.77009524505014,-5.185530991066249
S171,-5.013700082308573,2.7191497660126327
S172,0.44182018287065944,3.8788931382860437
S173,-1.8277064148928905,0.25606160032227304
S174,-2.2042557484890835,4.941141518863969
S175,-8.31889137194149,2.0193163967956056
S176,-7.739624124278982,1.6930570651930292
S177,-4.9921139992748715,-1.80431082764995
S178,-6.456898252602504,-0.4064499227584574
S179,1.439845240151624,-0.11823443502713579
S180,-1.8796967956202646,-3.6892161657335674
S181,-8.566274386829607,-1.791321084380282
S182,4.577144405592239,15.281588171739818
S183,-2.6694835858054273,0.5100898787868559
S184,-2.956278549153315,-3.216398953125039
S185,-5.065575627273862,0.8029842259475932
S186,-6.831999042666851,-0.3954062232618784
S187,-5.54214303518142,0.33342466604044885
S188,-0.6313719668255308,-1.1761541259012114
S189,-2.15837587233247,-2.4458742042805306
S190,-1.471731444247293,2.9133245365949625
S191,-4.522412736524824,-1.600574085520047
S192,-5.305684043086559,-2.0498892672812796
S193,-0.06893003235370576,-2.076898281464045
S194,-3.880740133875611,0.5446679038028825
S195,-7.665364710988423,0.27053374740541875
S196,-5.02033136953879,-3.637625966787029
S197,-4.06466172498551,-2.0465384753673095
S198,-4.755445042828362,-2.251706245127155
S199,1.1303067321191307,2.870998613702519
S200,-0.33940567562224755,7.350473874999795
S201,-0.8566327998735206,1.2945499578998876
S202,0.69064769181974,-3.9238790392557794
S203,-5.337945936494258,-2.4682610217100405
S204,-6.198874574288516,0.24266070950635732
S205,-6.193992077900802,0.24321232682745333
S206,-1.838559063480103,-3.0079027344969202
S207,-6.00401855048097,0.11052208223107567
S208,-4.896546626582697,1.6228791234779716
S209,-5.373552608103106,0.09141771593025172
S210,-5.058269128662228,-2.1273324870147388
S211,-5.216767528442004,2.213091570256148
S212,-1.985921248505486,-3.564139103278137
S213,-0.8357304767596758,-1.71005813035049
S214,1.144433989796689,-3.293942226127963
S215,-1.6301571856110788,0.8032699314718872
S216,4.036142261043912,6.806139506858604
S217,14.561055754700972,0.819052029784412
S218,-6.730263818074327,0.0012521535886706719
S219,-5.957638151475871,-2.5465287375139614
S220,-5.905723063745606,-1.7180246299961242
S221,2.8720147350020993,-3.7546705687830997
S222,-3.199928893676311,3.301822218727113
S223,-1.5448892392097353,-0.8585689558735878
S224,-4.385433211264362,-1.1214430731892189
S225,-0.27748407876491027,-2.904176384190492
S226,-4.45638873303671,-0.317469188513981
S227,-1.262201981499409,-1.2718289076302876
S228,-1.996392550117752,3.6858898910605626
S229,-0.5474763518332585,4.287601031183156
S230,-7.472466015505509,-0.15487222252348
S231,1.7016252917734633,5.894788217658492
S232,-0.15121566645213774,1.5533432070511521
S233,0.18367375393176313,5.050247830930529
S234,4.474733366638972,-5.869605170549004
S235,-5.464532810379689,-1.3889723922404318
S236,-3.344135506970735,0.11060615211000287
S237,7.537206335639402,18.04840558230423
S238,0.6630249860681521,-4.436264991364881
S239,-3.693997500036116,-1.9805769369406523
S240,-6.714157996052342,-0.9009058030422727
S241,-5.001672239628518,-2.1795722566706583
S242,3.3792001699823038,3.2062185103222203
S243,1.4831604891288293,0.031582114696449365
S244,-6.204620358181092,-2.7993086014985864
S245,-3.1111309167526846,0.8994352799048297
S246,4.541898764722116,0.7927063206073485
S247,2.060405266788686,-4.749712768817484
S248,-8.116661951283414,-0.20158200918674304
S249,-5.7800838050574725,-1.0244240507645046
S250,-5.730465527123705,-1.74274640849049
S251,2.550448633142235,2.494612572820187
S252,-6.6688753400397305,-0.12472277259116078
S253,-2.3028103591734186,-1.045856609873151
S254,-0.7909801367867701,-4.753429397755593
S255,-5.321617127834359,-1.7071041821194919
S256,-5.987697605931536,-0.47552059645220396
S257,-9.243803022333802,1.0072537695309378
S258,-3.9428443905457273,3.1975373985211255
S259,2.269849672088485,-1.2118122413418424
S260,-6.07898018740025,-2.0081899099066143
S261,-4.6400443629214605,5.0066214944647704
S262,-5.398490737897584,-1.1305792161668482
S263,2.793786324594617,4.258266408191733
S264,2.793786324594617,4.258266408191733
S265,-1.1079632055041753,3.4024665388244353
S266,-0.48724351501142754,-3.686319490565202
S267,-4.690038681568512,1.3422274148121804
S268,-1.2067214902925927,5.128783238595045
S269,-8.21474835743663,0.744290808033451
S270,-8.291859672631892,-0.8649046796482786
S271,-8.43100779487008,2.457080029373682
S272,-1.9642470977661877,5.872608555312877
S273,1.855624868085771,9.832553143584887
S274,-6.646739865086681,-1.4133591546051207
S275,-7.248743372766394,1.4879102136092306
S276,-5.9995286331223,1.1070411579920023
S277,-6.73708697106526,0.845445841799002
S278,-2.5075098836824075,7.15184804426395
S279,0.4396962546337205,-4.877117482232904
S280,-2.872110033452702,2.5142791204301442
S281,-6.615444259136852,0.5084418187746018
S282,10.60314211509405,-15.130166625504259
S283,1.3497164355270626,-1.4194038011985017
S284,-2.5882957552440837,-0.7382461289792953
S285,-7.491649293953523,0.6638682942458646
S286,3.3902733637521236,-4.584703482733982
S287,-6.844580733368117,-1.49337809496078
S288,-3.889926825027631,-3.6517950986679812
S289,0.6578859484673375,-6.9444519279982
S290,2.9443514860488116,1.3905668252379848
S291,-0.9738660098606938,-1.277149984783548
S292,13.141241177126556,-15.866577655611254
S293,-4.880051443008603,-0.9824579056737064
S294,-4.357023587304427,0.16527143977046388
S295,-5.595786882885547,1.3896497400525152
S296,-6.182088711652054,0.03378963903919034
S297,-0.7490963255508933,-3.941352187297673
S298,2.141091890977242,-0.6242137323054147
S299,-5.993225972864028,-1.8228050716058009
S300,-7.5279030772404285,0.40011080822756395
S301,-1.6793860770973035,-3.476279236424256
S302,-4.833283580079012,-3.0766043093526725
S303,7.126600714604938,-2.429699609045059
S304,2.187461451969593,-2.761679167181324
S305,-0.255570279781212,-1.6926704767808995
S306,0.07035307303293556,-4.5779363851794
S307,-3.2342994358662054,1.460897564664566
S308,-6.560470631095533,-0.6344341889600909
S309,-2.8844091653376056,-3.7260466386880733
S310,14.465920200543732,-0.17915968610497132
S311,-1.3266319119356915,-3.615388034906056
S312,-3.7857745925955264,-3.887805783563908
S313,-5.3911845896212265,-2.062954341660678
S314,9.701305126834288,-9.646662981861478
S315,-1.0587170498711311,-3.012313419174468
S316,-4.2704990015288855,-2.2568859800767034
S317,-4.093957748317916,-2.8510182009255245
S318,10.285961213168772,4.465341786557192
S319,-6.204749620540306,-1.7306527548298487
S320,3.0754989898775182,13.590254682831853
S321,-1.7960117990061788,1.9709458976336665
S322,10.350260436265197,-8.134041795221474
S323,1.9501174409525133,-1.2983097968115895
S324,4.632066697972058,-5.681189795845918
S325,-2.676821664520927,-0.40366561874350754
S326,24.76841306716355,-7.658578231112111
S327,-5.781454206917782,-0.13647082146424305
S328,-3.0789613168716046,-3.046618156334773
S329,-8.57429280853688,1.2331219912993472
S330,-2.7277899079124843,-1.1818228627773617
S331,-3.225260031139174,-3.459363244583265
S332,-4.723018746138857,-2.125998381628224
S333,-4.68288422403888,-2.129597849623811
S334,-3.269181099158137,-3.6987916010281405
S335,4.263023334707986,-2.289936881202141
S336,2.0960830180915506,-2.8719823025801734
S337,8.651536116563996,-7.856520853707278
S338,2.3909652518204885,-4.994632636118405
S339,1.0021455434012434,2.2363011723103563
S340,-7.135813778676476,-0.2917746731167335
S341,-2.3458477295144777,-5.454564640069441
S342,-3.402676519266242,-3.875581889436841
S343,21.778873738598993,26.513992217279096
S344,-2.009680414731393,-3.8787467785519674
S345,-4.113253676400337,-0.875562981228788
S346,-1.0955200377278116,-5.00767680197716
S347,-5.454565046394788,1.0236912284305335
S348,1.432140442160294,-1.4166400006044222
S349,-3.1983958772128696,-4.512007635903134
S350,-1.2599753596446988,-2.05908589727777
S351,-4.7205472177146115,-2.016220064035153
S352,-1.6513765825475832,-4.397689846574487
S353,-0.6419688749552043,-6.678835475342245
S354,-4.989676155961298,-2.8347932520730037
S355,-0.896988457489811,-0.4992087286161246
S356,-5.221188714381731,-1.0561628586384584
S357,28.469144185354864,-16.022551999019694
S358,4.934731171630826,-5.898594133331385
S359,1.8636085621689675,-4.299250295798638
S360,1.3245535182681452,4.501014985188513
S361,-3.103788298149601,-1.38272533734181
S362,-3.5614957203833657,-3.1530504069220764
S363,5.807052809138709,-1.694797808508452
S364,2.0581798504705255,-8.835367947191644
S365,1.783756028032923,-3.374692492852381
S366,5.645467883868767,-6.976907965831655
S367,-4.642005474814718,-0.8976536998465608
S368,-5.280366152846488,-1.4676862866839746
S369,-2.6547002326422118,4.756314615747369
S370,2.512939712924784,0.3774678326421154
S371,9.296462125893498,-8.558511243252328
S372,6.907514596782104,-6.954760492494638
S373,1.4928032744808057,-1.4661488657979203
S374,-2.3287280873597727,-2.312840596489359
S375,0.8337598810940093,0.4900531417089202
S376,10.712037160788334,-12.07284508750366
S377,-3.5388077362130863,-1.0076932974428148
S378,-6.344245760350293,-1.5396390668542739
S379,3.3069811287794404,-6.474024446054301
S380,-6.576930057848691,-1.0324561290422238
S381,-6.7461063254519225,-0.1370856438341192
S382,5.480215770122851,-4.5817886947987345
S383,4.968751358094497,1.5089849634271313
S384,-4.483706676628382,-1.6739243721460828
S385,-1.534574009586055,-3.575671518689428
S386,-4.431157397654448,-2.522404939559264
S387,10.575293809444561,0.6400640021095373
S388,12.383955220052524,5.766043799620884
S389,6.095784531939796,-7.213952710409182
S390,5.548383004898384,3.734586569504441
S391,3.1522320384719973,2.1551795598763284
S392,5.432669943765237,-1.6433001859007905
S393,-1.087424008733508,1.2998611145527175
S394,-1.2745838328031527,2.0143411413267716
S395,0.5522074784493204,-1.2185349869807394
S396,4.260322920696455,-3.095328839812289
S397,2.037882878592738,-4.038011425487233
S398,7.125789674115702,4.999868311660166
S399,0.22520500569803015,-0.059788409839900886
S400,23.636153831358378,19.400846530506232
S401,17.592970060850895,-11.38033953165117
S402,-2.505436017232677,-2.9290106248778667
S403,0.8051620075100033,-2.710622359768904
S404,-1.2825107535437015,-3.5506530793254862
S405,-7.424979336854214,0.9489338659763157
S406,-4.962516832924561,-0.05018432132778219
S407,0.36772092766799114,-2.704603980072582
S408,-1.422410165756707,1.0838563529711922
S409,-3.6889930257337684,5.110453040611861
S410,-0.31751533707563667,-4.1781942885071155
S411,-2.1702744369254177,-0.7477995923811712
S412,-1.5527170620386879,9.299563459568049
S413,7.22096973132529,-2.777724268525888
S414,1.550804964340573,5.219026825615642
S415,-4.824821860107012,-0.3311518414868763
S416,-3.0893007120210356,0.08279438770969481
S417,10.628354117451144,-11.244656911615445
S418,16.930850388636433,-4.653936004101062
S419,-0.7786487814057261,2.4865462722151914
S420,-0.3405427844411399,3.254117112830175
S421,10.023467223327463,-2.844947165155911
S422,11.616921109490342,-7.05091832256946
S423,5.556808602189897,-4.346737358606654
S424,6.211883951992984,-1.5987347747275285
S425,-1.6069047400496028,6.1591362115145465
S426,9.104932569705404,1.474809421287137
S427,8.48545872989231,12.943146421201414
S428,-4.210149061631404,0.26108727306510937
S429,8.236191774919785,2.348295671026724
S430,5.375380677219401,1.9941830818826258
S431,6.091087425754583,-8.796842309143026
S432,14.531571720958336,-2.95567498220415
S433,0.5612061060480938,2.6945195679305045
S434,6.0044107787742265,-0.371075429624715
S435,-1.3458297219411086,1.2912721700027041
S436,-9.31626149555508,-0.12709076689952795
S437,3.8804902658304714,3.792741791869871
S438,6.081949993268742,-3.1122785967043307
S439,-3.354645869866284,1.336632656008317
S440,3.2053750547463387,-4.076240378139031
S441,5.676493112223705,2.7186867842892584
S442,-2.668201435291636,2.7643810122426244
S443,8.541037725207309,-1.4016100221605916
S444,6.533367878941199,-4.65210425454971
S445,-2.2334361734365618,5.95120743315697
S446,-7.479452954701739,1.0484481623725828
S447,-2.1382315995246763,-1.0769894525508914
S448,-0.5473009241085104,-1.0772454617875884
S449,-6.496887375102061,0.22156734697260141
S450,0.5097784319569344,3.233192397039994
S451,4.918150570975698,5.788292888394868
S452,-2.6715550972469133,-1.5469765450208894
S453,-2.159339514803906,5.868502629453776
S454,-3.7429061171531,-2.1238834552984716
S455,-1.625581092196585,-2.469501473850058
S456,2.781842881630865,-6.038647742070273
S457,-3.1028427301321995,-0.7681837958293539
S458,7.6306732931195835,3.880215375351281
S459,2.062741004984843,4.226686787930036
S460,-2.6241351362022867,-1.74552733477424
S461,4.263750360511634,-8.587591420227024
S462,2.6203688439487918,6.478377931673787
S463,4.186439928536542,-3.776697965078366
S464,-6.426274792288726,-0.559644036227744
S465,1.3946315665642957,-1.3182938043974675
S466,5.083344797811345,15.669958992411228
S467,-3.4388406646419156,2.6841824491467032
S468,-4.804540974333645,-0.8515435023703284
S469,2.6672440501358623,-4.375338339155709
S470,-3.839412862792822,0.39397591190343245
S471,9.964662132793583,0.23979979483840164
S472,2.5213248488835833,-7.6261189900111575
S473,-0.4723274553850221,0.2598915105077431
S474,7.160553513578195,2.2025381848199768
S475,-0.6245196813530085,-0.02300032301480842
S476,-1.180639970196145,3.275428979756078
S477,2.4967935016562475,3.2377819288967014
S478,1.4676817534083169,-2.102159249084411
S479,-1.7684341284281166,0.9214661442416504
S480,0.9687645589257751,6.476728429825253
S481,6.198985271565763,4.207217580065261
S482,-0.04974671062893264,1.5157369223047736
S483,2.624521199162827,0.10661411095752414
S484,1.5205940598607335,-1.1583189125981885
S485,-3.1275886187167248,1.5257394996926137
S486,-2.5864826966502266,-0.6806425386324397
S487,4.334557507249318,-1.4866653319484489
S488,3.1454205723179984,-2.7381967573824855
S489,18.75248339024993,30.767727746860164
S490,-4.962528715200308,-0.2775237464836696
S491,2.788707517589869,2.403697671151483
S492,-2.4853304408998063,-2.07375564154766
S493,5.235305767222039,-0.9508075805160334
S494,-2.6715317086144057,-0.44060493475655405
S495,-8.09756578986374,3.2535033730640945
S496,-6.091053917385893,-1.3407924184777968
S497,-9.635535091881657,0.13200981891764507
S498,5.117425921440797,-5.371490889080573
S499,7.128992851376386,19.112560535849326
S500,-4.223235773047208,3.847274891553526
S501,-7.368241261645415,0.37371461287438723
S502,-3.6778039307054007,1.0593771151655837
S503,-6.881784185901236,2.3239647258313285
S504,-6.066316120397359,-1.7156520462897689
S505,-6.119708445299668,1.0359735061921493
S506,-0.7081641065613723,10.542379198432982
S507,5.15221462101542,-7.400024251698357
S508,-6.832158383537604,-0.7060013596099769
S509,-6.009620186235158,2.2466649176252655
S510,-0.496290207487447,-3.2719883476477483
S511,-5.127718330858203,0.5038180127392468
S512,8.664356104129348,11.812850048367096
S513,-6.9634613942179575,0.9091098331181516
S514,13.899189627121633,7.312088332520503
S515,-3.9203427944104106,-2.1150898704541796
S516,-4.065552827155692,1.6588435464369908
S517,-7.241836095205125,-0.01228444100625202
S518,1.8796304724986959,-4.290329335939584
S519,-5.5989321882637055,-0.4057160347132705
S520,15.113785852060337,-4.864908800249864
S521,-3.123404678195513,-3.1397249428754153
S522,-7.253310470933676,0.6832335740002796
S523,9.847212573276728,-0.7013136662693944
S524,-0.9813714406849754,-2.2071096080687624
S525,7.601022538308816,10.667295340446431
S526,-5.040708145615826,-0.17808925355714292
S527,11.986763287042542,-3.92620358518203
S528,13.066929640229269,17.161941679596506
S529,1.9888550160266012,1.463659740780613
S530,-1.87241404712039,0.8231763853339185
S531,-0.0180761391244131,-0.11163864072360218
S532,-2.707770394836129,0.6874319318989139
S533,8.252845347567863,18.421225225881948
S534,1.111654267011941,4.131645493329693
S535,-2.1112201999178795,-0.15898259961037822
S536,1.017026037422962,8.999464330571918
S537,4.566643443124563,3.3111843476257317
S538,8.185332479836589,-2.477320856983247
S539,4.762583704475734,-7.940811371110648
S540,1.5757575518659794,-0.5623412789930609
S541,3.5859849795253504,-3.125285566365949
S542,-0.9446330432746703,-0.3383313310672647
S543,9.64312904485831,4.198424379354669
S544,12.475878566994096,11.066920972270506
S545,-1.7568470155275526,1.9650667778195072
S546,-5.423207907863456,-1.0759051719951962
S547,1.7015554206403587,-4.5795090023245875
S548,7.147729640472072,3.365804213731289
S549,2.7251922432924407,1.6478742572833505
S550,-7.004758796811018,1.4426259860927313
S551,1.9380187903351072,4.595041544110098
S552,2.162788719866973,5.161754220753186
S553,-4.3070678405882,1.9838286171759543
S554,3.1079409356823997,-6.4728839090060015
S555,1.3800850462030496,5.358504735145471
S556,-3.6447191870732376,-0.3283633072993325
S557,-4.257918395258899,3.5663685284846482
S558,-4.017661925044688,2.8149810205852215
S559,-5.963826619140734,0.5376447529099324
S560,-5.145956073516667,3.612295591251987
S561,6.627331799189937,3.5998298757886182
S562,-1.0056783386833856,0.592654420854023
S563,12.276804312183227,-2.7926219516050668
S564,1.1982507336089667,-1.5983852663590903
S565,12.542772231844909,4.019398342687412
S566,-4.664619659977001,2.425284932401204
S567,-4.281961698226407,-2.906721353594358
S568,-8.891079631265278,0.3028318662612652
S569,-6.180747266665019,-0.5573138931659442
S570,-2.026018372242975,0.8867891249306151
S571,6.793193895700891,2.1865709049921325
S572,-6.954567133723735,-1.7723643572484769
S573,-1.1399679562686325,-1.5253498295177161
S574,-5.929293809463138,0.3957397982332682
S575,-6.249930915505629,0.5312776730468282
S576,-5.0742420454435715,-0.6555709501421507
S577,23.174431619927706,-2.2645894294593245
S578,-7.695755654828695,-0.25956009079110176
S579,-4.558806992266474,0.2653626262702228
S580,7.709440564186893,1.6479191040152945
S581,0.15361740296614967,-3.5516462241664066
S582,-2.1621841019754426,-1.1886617180541625
S583,3.9113245289130663,-5.774785531312555
S584,-6.331780408726139,0.7619320912141522
S585,-2.613968716616397,-1.3229536690485963
S586,-2.1556706224957045,0.1646190416358739
S587,-0.27853475075161277,-3.2368317611741784
S588,-2.3259959278867486,-1.9561309030433827
S589,9.716055109972105,-3.9951077678289955
S590,16.7374903345171,10.380622682282956
S591,-2.6417035015850954,0.3887171099546995
S592,0.05433751977624937,-1.7233040966143411
S593,-3.5871678016650956,0.4313575663145736
S594,-7.846021611923896,-0.7493907972744236
S595,0.09689483313609794,4.421650241943584
S596,7.009194617035711,-8.53935601573959
S597,-4.28318148989463,5.117060299916105
S598,-2.9123829561080536,-2.0476767009836965
S599,16.23502114334266,-5.058028452132924
S600,-8.962763642198265,0.7466864490746293
S601,-2.797081206362451,-1.7474535028317728
S602,-6.204601800636755,1.408474607347565
S603,1.2854550015370108,0.03673546896523538
S604,-1.9619543073147732,-1.351698037546772
S605,7.260860274576765,1.5447894110959013
S606,-7.208656061282117,1.3217336362085617
S607,3.0596786841517654,-3.5121651922500763
S608,-4.763658723378192,2.8398883013825134
S609,-0.4416441971936424,1.1911158447968975
S610,1.8669954777881466,3.6191843569695945
S611,8.677661122100725,8.600736032697395
S612,-2.199179080973732,7.053160861021409
S613,2.7987239117008067,2.9944357600626677
S614,-5.023812164249578,-1.4333809009868457
S615,4.80731568482688,-7.968161808607488
S616,-0.05494064740179283,0.2976903176517054
S617,-5.092476142471574,0.23727572431067076
S618,-3.152802085613158,2.2147997420565635
S619,-2.26282416591043,-1.119247893208538
S620,-4.333105081130477,-1.6749586485796903
S621,-2.023226286220639,2.667564070500144
S622,-3.358519988053301,1.389471037181075
S623,6.438070300601286,2.7495470715402983
S624,-2.5714116805042826,5.589165727843765
S625,1.2178505278090246,5.857789930621681
S626,-0.831116053335927,-0.7872654636575183
S627,3.612076831916723,0.4314085607064691
S628,-1.8779062679251062,-1.3512368454091432
S629,5.6671984220516185,4.063597885720173
S630,-0.573901882336606,0.014057269128856653
S631,-1.947388517541931,-1.0761897447017277
S632,4.488605985370693,-2.597597034957174
S633,-2.070032483650754,-0.17615484294983708
S634,-1.4862541659596153,-2.9383565951698745
S635,0.4067486251172907,-2.820627610967856
S636,-0.7129163530562016,-0.2533106174115932
S637,-0.697298053653005,-0.8381997810481381
S638,-3.0518189643455775,1.7893423881197874
S639,-6.389484416340255,0.3976580571492797
S640,12.36282151643088,0.13984189048757076
S641,5.279799574045704,1.8234173573419306
S642,0.7798663845825743,-2.7376420684608385
S643,-5.110725601818634,1.5693996616203172
S644,-2.8774491331224987,-1.0846222628101487
S645,19.455089215322577,-1.7971322768022218
S646,-1.2118496546920785,-2.7652238526743456
S647,-8.207276341878249,-0.2576186788326425
S648,-0.9139895715292736,2.741725695648592
S649,9.474035854669788,0.16166946726256282
S650,5.004572352108748,1.0088779341455343
S651,0.022163744184875697,4.132031969835153
S652,-6.025266881354838,0.24399543313760685
S653,0.5692506128278318,-2.5138124065727463
S654,-6.583634345181786,0.09930147267166542
S655,11.128420094510085,-4.728708318507223
S656,-0.3429710573324834,-4.5849161520975965
S657,-6.636279783923067,-1.0608359132651466
S658,0.5316558399483343,-2.4938124050288684
S659,7.569602796531643,-6.693183125152464
S660,-1.33734203003624,2.3953171485536067
S661,-4.134610027441422,-2.0437295473484025
S662,9.92318527859071,-11.270567782548708
S663,-4.867747961919138,-1.5546346269766849
S664,-7.47969733973644,-1.4860580406270782
S665,-0.9622832951569572,5.56522033035694
S666,-1.7142868694358657,5.882882689145253
S667,-0.7969547789173052,1.167900700297902
S668,6.620023174974902,-4.164585204203251
S669,7.93482393551197,3.4268437900373385
S670,-1.796914724646284,-0.25924235851231525
S671,3.8471864245390317,7.483025610983407
S672,-2.5177753978218482,-2.0098183891339296
S673,4.460758628416291,3.7242393821080753
S674,0.9838418400296021,0.04026862163801436
S675,-0.23886304283061024,0.8169001316184357
S676,-2.736908775554207,-0.06992294451632095
S677,5.834333572151845,-5.877501812211428
S678,-4.885249227321499,-1.281710543647812
S679,0.43406542477917465,-6.167364627103437
S680,-0.7405838138222269,4.053667501190229
S681,-5.157146178933665,1.947603775714474
S682,-0.6784437340903319,0.36193062453487734
S683,-5.93788242539428,1.607170615488188
S684,0.2097370868873564,1.5159748919851461
S685,-4.579390597396747,-0.08678459523623692
S686,-8.661051593724396,0.7288271003208824
S687,-2.9689184807171434,6.832860130250353
S688,6.028098413251903,-2.449776567891678
S689,-7.657770176141757,0.5029261302037862
S690,2.027654764598567,-3.8272912016868172
S691,3.043283643755205,-6.6697842825611
S692,7.567257026158652,-7.147972787045839
S693,-4.518946402275693,2.885124573506747
S694,-4.637345870236003,2.317015293700109
S695,-0.011838558536707568,4.601240170903442
S696,11.178848258125146,1.3631729107512016
S697,0.08947062393218967,5.313786388925537
S698,1.616495299577599,-4.144879847176407
S699,-4.0381688465425905,-2.111615195421993
S700,-4.144660781591603,2.8374036986263413
S701,-0.3385837772934881,-3.7332177225533267
S702,-4.437097463268896,1.5081435680393067
S703,2.6157474860064625,-3.5850575861414744
S704,10.757318082059124,13.737508601016529
S705,5.473423776734025,-7.411551782477491
S706,-1.7392267104016617,1.6181423543115432
S707,-3.3024056615508144,-1.951111115339843
S708,-7.220108621463265,0.44098027769800746
S709,0.1940056508481497,-3.0561706067997947
S710,1.0521299878006816,3.3292774137835757
S711,1.2291551318570906,3.2664508206211647
S712,11.95599712420817,14.352696911400042
S713,2.663248881097703,-4.732227357329006
S714,-2.8452187675535656,-0.5097540250041723
S715,-4.987026786305448,3.668156111802405
S716,8.39510039330913,3.527186345346745
S717,-7.840259883438434,-0.5101014307828705
S718,0.9312343747517146,0.3953529632710793
S719,-1.8723778907550563,0.3576885084519673
S720,10.09414029010982,-5.91762229298053
S721,2.5834797514216086,-3.913725025542325
S722,-1.0862724674969997,0.42202056073388644
S723,-0.8367993359663621,-1.2008715056753319
S724,-1.572152269047956,0.5750673873109678
S725,-3.2021135711750564,-2.803313841701666
S726,-6.126641219271937,-1.9168736993198294
S727,-6.558382271835564,-1.219301235019334
S728,12.114031897443402,-2.911912145686984
S729,-1.4527215042306927,1.2583904992364883
S730,0.7242541065877666,2.1495414565746653
S731,-6.067062425572595,1.0186753971222888
S732,-1.4344151257274258,7.180781216500152
S733,-6.178518172277423,-0.7046240526780041
S734,-6.197931449400262,-1.2034455958917905
S735,8.143574582548029,5.417336038845028
S736,-1.7543906977195618,1.2040675958617941
S737,5.172506842860749,6.708569443840503
S738,-3.7067565776768103,4.602373065003756
S739,1.15200611951144,-2.8454097573104162
S740,8.78955070591234,14.315941435705573
S741,4.0427861409374355,2.329942867080564
S742,-1.5718841699591293,-1.3206865225057338
S743,0.5804715779019239,-5.373272030461607
S744,5.252252393693955,7.5165525451433455
S745,2.6410729408657003,-6.9595030685196315
S746,0.9945564214644967,-0.5037669910304493
S747,7.8170821811213695,-3.051256864207778
S748,-3.144678156554792,-0.7010775230697356
S749,11.162504051460918,-5.962159552000658
S750,4.262006517607601,-5.238950400642174
S751,9.626065261985572,-4.527582385217382
S752,2.898068269671227,0.5902632353011634
S753,21.92526077829067,-9.58083722276368
S754,0.6728599208022347,1.877461072384812
S755,-1.1515170539936594,0.5338564272945394
S756,3.9339504404016377,12.949352726622996
S757,-6.139381731826289,1.5982778809375637
S758,2.577467803904634,2.542789800414972
S759,-2.360796001612449,2.7830300446483336
S760,2.3764448066011523,-8.268416605147264
S761,7.185389952974898,2.0834624414388325
S762,6.273687458678672,0.19814237833141704
S763,11.733938064288568,1.7489486516951203
S764,17.071867237157512,-14.267045051563738
S765,10.77230301038463,15.289167751753583
S766,17.05323660677867,29.000280723596
S767,5.687692971795317,1.3250340410635635
S768,13.61881236168963,-1.0845482524868422
S769,-4.989965951538732,1.1560085976367842
S770,2.775386366885645,-4.590115593085006
S771,-8.295310175518454,0.5691010227005127
S772,8.881992656055651,1.964850110360832
S773,13.422806397011508,-2.4035109914121375
S774,-2.249474385881967,3.268145250565174
S775,7.100373152237667,-2.443468560452875
S776,-0.9051803316939993,0.8679449552390337
S777,1.3881882320252659,4.014920891848588
S778,-4.394994470401271,-1.9016820418186267
S779,3.0498813654339556,-6.191328978857355
S780,-2.0949042026109654,0.2588681759159659
S781,13.987961937703611,4.409159573563871
S782,5.652508330343019,10.22048976860121
S783,5.30595448247902,3.9097922447972944
S784,3.599116779716,3.392430220137753
S785,2.8820012806251887,0.798882589207259
S786,-1.095561362723868,2.0622932192541774
S787,-3.3702812397779103,-2.5434787990471595
S788,-2.452370067541007,0.07843124152885157
S789,-4.805018105133369,-0.6272603079679523
S790,-6.497044063083804,-0.4126803260536573
S791,1.8284618091322182,4.721168104270249
S792,-2.8982813176012847,4.573857727954618
S793,4.885519749619082,1.5555193446897555
S794,-2.789505114989161,-3.1145378804322297
S795,-5.762355266570197,1.2513854972302656
S796,9.628638389250527,17.083502010632518
S797,3.7818621301714472,-4.19035819568571
S798,3.4722493530851595,0.12512592582763632
S799,5.441233568287802,-0.5054200995315594
S800,-5.203792273812451,2.0888465789812702
S801,5.8981682506503725,-3.587486753298406
S802,-0.16518928099777622,-0.9149213469207007
S803,20.92228780298023,25.681282676562486
S804,5.437087134645039,-1.3653990960423654
S805,-2.027655771645342,1.2527802998752864
S806,-2.6136123876669495,1.6130430220715866
S807,0.6018910913288623,-3.0490461048675197
S808,-7.794463432693573,-0.25844173231594475
S809,-2.3593561257118068,5.273105319851415
S810,-3.497545923474733,1.6660693135550673
S811,6.3406077340974125,6.298083555398873
S812,6.355755953145443,-5.7429142681399306
S813,3.903662169490611,-3.3658767152181617
S814,-0.11779162822210841,-0.1991765535226328
S815,-0.2843855989306406,0.9667952742151784
S816,7.136302828552525,-7.620451366195657
S817,-3.3940796103537982,-1.6721636755850464
S818,7.475084359454976,2.882064927158887
S819,0.4796886995152156,0.33956276867874424
S820,-7.82792576986354,-1.2815724767708394
S821,0.8348854445778969,9.82504573155471
S822,-2.3496871146817093,1.1685603301260796
S823,-2.674031524748636,0.3325636971948868
S824,-6.906167193370973,0.6101092719923276
S825,-5.547433384322811,0.42267915966072594
S826,-9.857871602767597,-0.18645100190434935
S827,-2.8089169513478773,0.16912872433622225
S828,1.8892214977001718,1.0622663502394747
S829,-6.524985689498729,0.6178629036268904
S830,18.05317928221021,26.016958475503547
S831,10.106565262479414,15.86849064855029
S832,-2.6120141964811237,-2.5050056436280568
S833,-2.6961726950654707,0.8778642099429089
S834,-3.3773729512579025,3.4872996179763778
S835,0.7957992873131196,-2.43453406642235
S836,0.04637998232127812,6.946211045956895
S837,14.092809294059741,-9.376035181657262
S838,-3.376853873078314,3.7854556974805966
S839,0.9810147877398335,4.677551408092342
S840,0.7579313906629725,1.2832228311436675
S841,-3.063893529956257,1.7349526803378525
S842,0.9129776119842685,-1.6302895367342956
S843,-4.963563334909218,-1.9231923271605993
S844,-1.4122246320814877,-0.9758287352648335
S845,2.9284155069435167,2.9304291014071135
S846,0.8391532137870151,-1.589234095274603
S847,1.757572123706774,0.7102957492665132
S848,7.552105750875963,-1.6772394649361078
S849,2.7269138431717788,3.474152535493018
S850,17.443061697783637,24.738323267241185
S851,2.1163789551257333,5.686604184772019
S852,-0.536844181117077,0.4205587122079839
S853,-0.3901523770992435,-1.1579843770943135
S854,21.91514952740361,3.4321658665135097
S855,-5.92977287869678,1.5661789331359182
S856,-8.079219111010316,0.4140615052011417
S857,5.7414089903848975,4.866384056506868
S858,-2.4263986438682874,0.14510379318391223
S859,11.4066687064443,-12.440608594118679
S860,0.056463325909520266,-2.1773965620795033
S861,-7.061459101387353,0.31934991476054775
S862,3.713056812200151,0.8767118451083914
S863,-1.284731837954588,-0.9303683811415379
S864,-0.8723025728741589,2.678134790181016
S865,-8.85160792627858,-0.4377275429949475
S866,-0.5922347032295542,-1.5370597009106264
S867,-2.5580508514254383,1.8334237386678218
S868,-0.15196076539702272,2.865844758914815
S869,1.6588636962960133,5.432472380444422
S870,-5.523044787718909,1.339578152202367
S871,-2.029717588869361,1.3462535558881739
S872,-2.2795662623967736,-2.442124767788362
S873,7.918862702276407,10.366116831343959
S874,-3.740056210149903,4.618703948211664
S875,3.34546163278336,-0.6341715508545982
S876,-1.837686587747476,1.2950292519536062
S877,6.887870245820155,-3.688996761009287
S878,11.05122151916563,3.4416335259171715
S879,2.8350010994559343,-1.5073962855902143
S880,-1.4453034398969429,-2.0354142690330645
S881,-3.0141078118380955,0.7463938239290547
S882,-0.20579060527447987,5.41884776181317
S883,1.0564835701178326,10.798143779698314
S884,-0.871304943165983,3.467716307638826
S885,3.2125101987526588,4.397374851701418
S886,-2.0408474959251466,-1.3348536859647273
S887,-0.9361253443797727,-2.7926353572694405
S888,1.8823228178245424,-2.6944467334459983
S889,-2.08972086116775,5.65374501087408
S890,-7.2316440607151575,-0.08455659469227571
S891,-5.111434346493279,-0.6575761800815605
S892,-3.7021967113916077,-0.07152561202599032
S893,-6.8109725898201425,0.7024508573405238
S894,-6.686757364009248,-0.946806784551045
S895,-0.08103759640718221,-6.203811246279035
S896,-6.838633131702391,0.6664239838009205
S897,-7.950545672847565,-1.6698479233404409
S898,-2.0935428822482884,-2.3950471285723673
S899,-4.731657557771074,2.018605989168691
S900,4.020029475682358,1.5257115943331512
S901,-1.3547996648654255,1.0934165684685366
S902,-4.739485311319577,-1.788333790436248
S903,5.085504639994504,-5.82744806423139
S904,-6.47396946070933,-0.07039160105700869
S905,-5.008951308632311,-1.8566684509940097
S906,-8.681255383505333,-0.49689547014215596
S907,-3.1063595359831915,1.1018388946626936
S908,4.011012722542763,0.7385430543729211
S909,17.851802750130783,-10.51528748105828
S910,6.921332054449096,-0.22039358875001025
S911,-3.2593753678503448,1.6285255473373557
S912,0.8670702090559854,-4.847417634894597
S913,-7.721607087159044,-0.8098616099838833
S914,3.0745819007196222,-4.376445225864478
S915,5.967672180843549,-6.953266167525616
S916,-5.37151484753616,1.9506860711446987
S917,-3.61111508454279,3.460770316159817
S918,-9.439555734155386,-1.2182086724780568
S919,-4.460240818934785,2.2577941619473263
S920,-8.198396591582123,-0.5861870100276033
S921,-6.2924291068661695,2.632258473586625
S922,-4.368148224500885,1.7336391582850346
S923,-7.125709518757663,0.31720855650698127
S924,-4.149538361338148,0.3106984022076601
S925,-7.999784268275165,0.5832751157104544
S926,2.4459429633511105,-1.765681020741354
S927,-5.678896032011846,-2.6043980649113805
S928,-0.44842099403957936,4.488893233661707
S929,-4.989245124156719,-0.6117927504377619
S930,-1.2563639496439603,7.490527654759488
S931,-7.314892086705656,-0.2514418275038382
S932,-2.2746780841454743,3.229432053947324
S933,0.23283904188761934,2.804133176879153
S934,6.313071166154008,16.036659776017895
S935,-4.017832282406076,0.5294198780854894
S936,5.297394974343769,-4.306803153552364
S937,-6.059900050693591,0.08859805882244129
S938,-4.438663765928982,0.7152220279555372
S939,-0.6795645142796638,3.423160610945491
S940,1.6073450669980427,-4.749607379075166
S941,-2.948167216546069,0.7120965600366809
S942,-0.17400973658947383,0.8954559064923635
S943,-0.33284252567494493,-2.920497900593269
S944,6.093588008969448,-9.985813571063092
